,price,area,rooms,ebk,garten,balkon,inkl_NK,category,GEN
1,279.18,34.0,2.0,False,False,False,False,Etagenwohnung,Lübeck
2,310.12,36.0,1.0,True,False,True,False,Etagenwohnung,Lübeck
3,780.0,78.0,3.0,True,False,False,False,Wohnung,Segeberg
4,846.0,94.0,3.0,True,False,True,False,Etagenwohnung,Stormarn
5,580.0,60.0,3.0,False,False,True,False,Apartment,Kiel
6,950.0,84.0,2.0,True,True,False,False,Wohnung,Stormarn
7,600.0,72.0,3.0,True,False,True,False,Etagenwohnung,Ostholstein
8,1050.0,92.0,4.0,True,True,False,False,Wohnung,Pinneberg
9,728.33,75.0,3.0,False,False,True,False,Wohnung,Plön
10,325.0,38.0,1.0,True,False,False,False,Erdgeschosswohnung,Pinneberg
11,600.0,53.0,2.0,True,False,True,False,Wohnung,Segeberg
12,1360.0,85.0,3.0,True,False,True,False,Wohnung,Segeberg
13,310.0,28.0,1.0,False,False,True,False,Erdgeschosswohnung,Pinneberg
14,950.0,85.0,3.0,True,False,True,False,Wohnung,Segeberg
15,580.0,64.0,3.0,True,False,False,False,Erdgeschosswohnung,Plön
16,600.0,60.0,2.0,True,False,False,False,Etagenwohnung,Pinneberg
17,760.0,66.0,2.0,True,False,True,False,Wohnung,Pinneberg
18,370.0,42.0,2.0,True,False,False,False,Dachgeschosswohnung,Herzogtum Lauenburg
19,625.0,67.0,2.5,True,False,True,False,Etagenwohnung,Pinneberg
20,560.0,56.0,2.0,True,False,False,False,Etagenwohnung,Stormarn
21,561.0,64.0,2.0,True,False,True,False,Etagenwohnung,Pinneberg
22,890.0,89.0,3.0,True,False,True,False,Etagenwohnung,Stormarn
23,1050.0,76.0,3.0,True,False,False,False,Erdgeschosswohnung,Stormarn
24,1450.0,131.0,5.0,True,False,False,False,Etagenwohnung,Stormarn
25,300.0,60.0,2.5,True,True,False,False,Wohnung,Schleswig-Flensburg
26,870.0,58.0,2.0,True,False,True,False,Etagenwohnung,Stormarn
27,575.0,79.0,3.0,False,False,True,False,Erdgeschosswohnung,Herzogtum Lauenburg
28,350.0,39.0,2.0,False,False,False,False,Etagenwohnung,Kiel
29,439.0,59.0,2.0,True,False,True,False,Etagenwohnung,Kiel
30,389.0,40.0,1.0,True,False,True,False,Erdgeschosswohnung,Kiel
31,425.0,54.0,2.0,False,False,False,False,Erdgeschosswohnung,Rendsburg-Eckernförde
32,529.0,88.0,3.5,True,False,True,False,Wohnung,Schleswig-Flensburg
33,449.0,62.0,2.0,True,False,True,False,Etagenwohnung,Schleswig-Flensburg
34,870.0,75.0,3.0,True,False,False,False,Erdgeschosswohnung,Pinneberg
35,2570.0,165.0,4.0,True,True,False,False,Loft-Studio-Atelier,Lübeck
36,510.0,44.0,2.0,True,False,False,False,Dachgeschosswohnung,Kiel
37,665.0,66.0,2.0,True,False,True,False,Etagenwohnung,Kiel
38,830.0,83.0,3.0,True,False,True,False,Etagenwohnung,Kiel
39,1180.0,118.0,4.5,True,False,True,False,Dachgeschosswohnung,Kiel
40,524.0,87.0,4.0,False,False,True,False,Etagenwohnung,Steinburg
41,346.0,70.0,3.0,False,False,False,False,Dachgeschosswohnung,Steinburg
42,680.0,87.0,4.0,True,False,True,False,Etagenwohnung,Ostholstein
43,200.0,17.0,1.0,True,False,False,False,Etagenwohnung,Kiel
44,440.0,64.0,3.0,False,True,False,False,Dachgeschosswohnung,Flensburg
45,850.0,98.0,3.5,True,False,True,False,Wohnung,Plön
46,1334.0,98.0,3.0,True,False,False,False,Penthouse,Pinneberg
47,515.0,50.0,2.0,True,False,False,False,Souterrainwohnung,Lübeck
48,463.0,65.0,3.0,True,True,True,False,Wohnung,Herzogtum Lauenburg
49,750.0,76.0,3.0,True,False,False,False,Erdgeschosswohnung,Nordfriesland
50,997.47,80.0,3.0,True,False,True,False,Wohnung,Herzogtum Lauenburg
51,820.0,68.0,3.0,True,False,False,False,Etagenwohnung,Segeberg
52,660.0,74.0,3.0,True,False,True,False,Etagenwohnung,Kiel
53,590.0,63.0,3.0,True,False,True,False,Etagenwohnung,Kiel
54,555.0,51.0,2.0,True,False,False,False,Erdgeschosswohnung,Pinneberg
55,650.0,78.0,3.0,True,False,False,False,Dachgeschosswohnung,Herzogtum Lauenburg
56,550.0,65.0,2.5,True,False,True,False,Wohnung,Pinneberg
57,590.0,68.0,3.0,True,True,True,False,Erdgeschosswohnung,Pinneberg
58,850.0,135.0,6.0,True,True,False,False,Wohnung,Schleswig-Flensburg
59,720.0,56.0,2.0,True,False,True,False,Dachgeschosswohnung,Pinneberg
60,730.0,67.0,2.0,True,True,False,False,Erdgeschosswohnung,Schleswig-Flensburg
61,375.0,30.0,1.0,True,False,False,False,Dachgeschosswohnung,Ostholstein
62,295.0,33.0,1.0,True,False,True,False,Etagenwohnung,Rendsburg-Eckernförde
63,650.0,79.0,4.0,True,False,True,False,Etagenwohnung,Kiel
64,570.0,50.0,2.0,True,False,True,False,Etagenwohnung,Segeberg
65,610.29,68.0,2.5,False,False,True,False,Erdgeschosswohnung,Pinneberg
66,628.8,79.0,3.0,False,False,True,False,Etagenwohnung,Pinneberg
67,750.0,62.0,2.0,True,True,True,False,Wohnung,Segeberg
68,409.0,61.0,2.5,False,False,True,False,Wohnung,Rendsburg-Eckernförde
69,545.0,55.0,2.0,True,False,True,False,Dachgeschosswohnung,Flensburg
70,630.0,91.0,3.0,True,False,True,False,Etagenwohnung,Flensburg
71,580.0,80.0,3.0,True,False,False,False,Erdgeschosswohnung,Flensburg
72,600.0,75.0,4.0,True,False,False,False,Dachgeschosswohnung,Flensburg
73,792.0,88.0,2.0,True,False,True,False,Dachgeschosswohnung,Pinneberg
74,640.0,78.0,3.0,True,False,False,False,Dachgeschosswohnung,Lübeck
75,220.0,20.0,1.0,False,False,False,False,Etagenwohnung,Kiel
76,643.0,83.0,3.0,True,False,False,False,Wohnung,Flensburg
77,900.0,64.0,2.0,True,True,True,False,Erdgeschosswohnung,Lübeck
78,795.0,80.0,3.0,True,False,True,False,Erdgeschosswohnung,Segeberg
79,1190.0,85.0,3.0,False,False,True,False,Wohnung,Stormarn
80,500.0,65.0,2.5,False,False,False,False,Dachgeschosswohnung,Segeberg
81,830.0,111.0,4.5,True,True,True,False,Erdgeschosswohnung,Segeberg
82,590.0,48.0,1.5,True,False,False,False,Wohnung,Segeberg
83,610.0,41.0,2.0,False,False,False,False,Etagenwohnung,Nordfriesland
84,700.0,70.0,2.0,True,False,True,False,Etagenwohnung,Stormarn
85,803.0,76.0,4.0,True,False,True,False,Wohnung,Herzogtum Lauenburg
86,530.0,59.0,2.5,True,False,True,False,Etagenwohnung,Herzogtum Lauenburg
87,1300.0,120.0,4.5,True,False,True,False,Etagenwohnung,Stormarn
88,780.0,82.0,2.0,True,False,False,False,Dachgeschosswohnung,Rendsburg-Eckernförde
89,463.0,41.0,1.0,False,False,True,False,Etagenwohnung,Stormarn
90,675.0,69.0,3.0,True,False,True,False,Etagenwohnung,Pinneberg
91,925.0,104.0,3.0,True,False,True,False,Maisonette,Pinneberg
92,515.0,45.0,2.5,True,False,False,False,Etagenwohnung,Pinneberg
93,840.0,82.0,3.0,True,False,True,False,Dachgeschosswohnung,Stormarn
94,665.0,58.0,2.0,True,False,False,False,Dachgeschosswohnung,Stormarn
95,490.0,59.0,3.0,False,False,True,False,Etagenwohnung,Herzogtum Lauenburg
96,599.0,77.0,3.0,False,False,True,False,Etagenwohnung,Herzogtum Lauenburg
97,552.0,78.0,3.0,False,False,True,False,Etagenwohnung,Kiel
98,475.0,57.0,3.0,False,False,False,False,Etagenwohnung,Lübeck
99,819.0,82.0,4.0,False,False,True,False,Etagenwohnung,Herzogtum Lauenburg
100,645.0,72.0,3.0,False,False,True,False,Etagenwohnung,Lübeck
101,485.0,64.0,3.0,False,False,True,False,Etagenwohnung,Herzogtum Lauenburg
102,540.0,60.0,2.5,False,False,False,False,Etagenwohnung,Lübeck
103,499.0,59.0,2.5,False,False,True,False,Etagenwohnung,Lübeck
104,476.0,70.0,3.0,False,False,True,False,Etagenwohnung,Kiel
105,309.0,32.0,1.0,False,False,False,False,Wohnung,Rendsburg-Eckernförde
106,439.0,60.0,2.0,True,False,True,False,Erdgeschosswohnung,Schleswig-Flensburg
107,1300.0,122.0,3.0,True,True,True,False,Maisonette,Plön
108,740.0,72.0,2.0,True,False,True,False,Erdgeschosswohnung,Pinneberg
109,800.0,80.0,2.0,True,False,True,False,Etagenwohnung,Pinneberg
110,990.0,88.0,3.0,True,False,True,False,Wohnung,Pinneberg
111,305.0,30.0,1.0,True,False,False,False,Dachgeschosswohnung,Herzogtum Lauenburg
112,825.0,87.0,4.0,False,False,True,False,Maisonette,Pinneberg
113,1475.0,99.0,2.0,True,False,True,False,Etagenwohnung,Kiel
114,1000.0,126.0,4.5,True,False,True,False,Wohnung,Pinneberg
115,890.0,92.0,3.0,True,False,True,False,Etagenwohnung,Stormarn
116,797.0,69.0,2.0,True,False,True,False,Wohnung,Lübeck
117,450.0,51.0,2.0,True,False,False,False,Dachgeschosswohnung,Lübeck
118,940.0,92.0,2.0,True,False,True,False,Wohnung,Stormarn
119,331.92,60.0,2.0,True,False,True,False,Erdgeschosswohnung,Steinburg
120,799.0,61.0,2.0,True,False,True,False,Etagenwohnung,Herzogtum Lauenburg
121,350.0,30.0,1.0,False,False,False,False,Etagenwohnung,Herzogtum Lauenburg
122,525.0,70.0,2.5,True,False,False,False,Dachgeschosswohnung,Herzogtum Lauenburg
123,1250.0,95.0,3.0,True,False,False,False,Dachgeschosswohnung,Lübeck
124,690.0,69.0,2.0,True,True,False,False,Wohnung,Ostholstein
125,849.0,76.0,3.0,True,True,False,False,Maisonette,Ostholstein
126,413.98,59.0,2.0,False,False,True,False,Etagenwohnung,Segeberg
127,403.4,58.0,2.0,False,False,True,False,Etagenwohnung,Stormarn
128,380.0,47.0,1.5,True,False,True,False,Etagenwohnung,Kiel
129,480.0,56.0,2.0,True,False,True,False,Etagenwohnung,Herzogtum Lauenburg
130,660.0,55.0,2.0,False,False,True,False,Erdgeschosswohnung,Segeberg
131,293.22,42.0,2.0,True,False,False,False,Etagenwohnung,Kiel
132,609.0,80.0,3.0,True,False,True,False,Wohnung,Rendsburg-Eckernförde
133,410.0,71.0,4.0,False,True,False,False,Etagenwohnung,Steinburg
134,900.0,91.0,3.0,True,False,False,False,Wohnung,Kiel
135,1750.0,116.0,3.0,True,False,False,False,Dachgeschosswohnung,Pinneberg
136,520.0,76.0,3.0,True,False,False,False,Erdgeschosswohnung,Steinburg
137,705.0,74.0,3.0,True,False,True,False,Etagenwohnung,Pinneberg
138,550.0,55.0,2.0,True,False,False,False,Erdgeschosswohnung,Pinneberg
139,650.0,65.0,2.0,True,False,True,False,Etagenwohnung,Pinneberg
140,635.0,67.0,2.5,True,False,True,False,Erdgeschosswohnung,Pinneberg
141,593.0,72.0,3.0,True,False,True,False,Etagenwohnung,Stormarn
142,530.0,72.0,3.0,True,False,False,False,Etagenwohnung,Steinburg
143,575.0,73.0,3.0,True,False,True,False,Etagenwohnung,Neumünster
144,625.0,70.0,3.0,True,False,True,False,Etagenwohnung,Segeberg
145,795.0,79.0,4.0,True,False,True,False,Etagenwohnung,Kiel
146,680.0,72.0,3.0,True,False,True,False,Etagenwohnung,Pinneberg
147,750.0,62.0,2.0,True,False,True,False,Wohnung,Stormarn
148,870.0,55.0,2.0,True,False,True,False,Wohnung,Segeberg
149,929.0,88.0,3.0,True,False,True,False,Etagenwohnung,Stormarn
150,1365.0,144.0,3.0,True,False,True,False,Etagenwohnung,Pinneberg
151,595.0,73.0,2.0,True,False,False,False,Etagenwohnung,Pinneberg
152,1710.0,171.0,3.0,True,True,False,False,Erdgeschosswohnung,Pinneberg
153,720.0,81.0,3.0,True,False,True,False,Etagenwohnung,Stormarn
154,495.0,60.0,2.0,True,False,False,False,Wohnung,Herzogtum Lauenburg
155,1137.0,117.0,4.0,True,True,False,False,Etagenwohnung,Segeberg
156,695.0,71.0,2.5,True,False,True,False,Etagenwohnung,Herzogtum Lauenburg
157,695.0,71.0,2.5,True,True,True,False,Etagenwohnung,Herzogtum Lauenburg
158,390.0,35.0,1.5,True,True,True,False,Wohnung,Ostholstein
159,610.0,68.0,3.0,True,False,False,False,Wohnung,Schleswig-Flensburg
160,445.0,45.0,2.0,False,False,False,False,Etagenwohnung,Herzogtum Lauenburg
161,439.0,72.0,3.0,True,False,True,False,Wohnung,Rendsburg-Eckernförde
162,410.0,72.0,3.0,True,False,True,False,Etagenwohnung,Steinburg
163,545.0,50.0,2.0,True,False,True,False,Apartment,Ostholstein
164,630.0,71.0,2.0,True,False,True,False,Apartment,Stormarn
165,375.0,54.0,2.5,True,False,False,False,Dachgeschosswohnung,Steinburg
166,480.0,60.0,2.0,False,False,False,False,Etagenwohnung,Pinneberg
167,505.0,72.0,2.0,False,False,False,False,Wohnung,Flensburg
168,490.0,56.0,1.5,True,False,True,False,Wohnung,Rendsburg-Eckernförde
169,510.0,90.0,4.0,True,True,False,False,Etagenwohnung,Plön
170,693.0,66.0,2.0,True,True,False,False,Erdgeschosswohnung,Ostholstein
171,1200.0,100.0,4.0,True,False,False,False,Erdgeschosswohnung,Plön
172,665.0,70.0,2.0,True,False,False,False,Erdgeschosswohnung,Rendsburg-Eckernförde
173,960.0,96.0,3.0,True,False,True,False,Dachgeschosswohnung,Pinneberg
174,495.0,56.0,3.0,False,True,True,False,Wohnung,Kiel
175,350.0,47.0,2.0,True,True,False,False,Etagenwohnung,Neumünster
176,990.0,90.0,3.0,True,False,False,False,Erdgeschosswohnung,Stormarn
177,560.0,69.0,3.5,True,False,True,False,Dachgeschosswohnung,Nordfriesland
178,810.0,90.0,2.0,True,False,True,False,Etagenwohnung,Schleswig-Flensburg
179,886.0,89.0,3.0,True,False,True,False,Etagenwohnung,Herzogtum Lauenburg
180,810.7,82.0,3.0,False,False,True,False,Apartment,Nordfriesland
181,1210.0,100.0,3.0,False,False,True,False,Etagenwohnung,Herzogtum Lauenburg
182,620.0,69.0,2.5,False,False,True,False,Etagenwohnung,Herzogtum Lauenburg
183,920.0,77.0,3.0,False,False,True,False,Etagenwohnung,Herzogtum Lauenburg
184,750.0,60.0,2.0,True,False,True,False,Maisonette,Pinneberg
185,740.0,62.0,2.0,False,False,True,False,Etagenwohnung,Herzogtum Lauenburg
186,580.0,67.0,3.0,False,False,True,False,Etagenwohnung,Herzogtum Lauenburg
187,460.0,53.0,1.0,True,False,False,False,Etagenwohnung,Herzogtum Lauenburg
188,660.0,60.0,2.0,True,False,True,False,Etagenwohnung,Stormarn
189,480.0,65.0,2.0,False,False,False,False,Etagenwohnung,Herzogtum Lauenburg
190,950.0,80.0,2.5,True,True,True,False,Wohnung,Kiel
191,1100.0,117.0,4.0,True,False,True,False,Maisonette,Pinneberg
192,1100.0,92.0,4.0,True,False,False,False,Penthouse,Herzogtum Lauenburg
193,406.0,62.0,2.5,False,False,False,False,Wohnung,Flensburg
194,900.0,89.0,3.0,True,False,True,False,Erdgeschosswohnung,Segeberg
195,900.0,89.0,3.0,True,False,True,False,Erdgeschosswohnung,Segeberg
196,1320.0,110.0,4.0,True,False,True,False,Wohnung,Pinneberg
197,1143.14,80.0,3.0,True,False,True,False,Wohnung,Stormarn
198,695.0,121.0,4.0,True,True,False,False,Erdgeschosswohnung,Steinburg
199,450.0,50.0,2.0,True,False,False,False,Erdgeschosswohnung,Neumünster
200,411.35,49.0,2.0,False,False,True,False,Etagenwohnung,Pinneberg
201,546.45,56.0,2.5,False,False,False,False,Etagenwohnung,Pinneberg
202,950.0,96.0,4.0,True,False,True,False,Apartment,Pinneberg
203,595.0,70.0,2.0,True,False,False,False,Etagenwohnung,Stormarn
204,790.0,71.0,2.5,True,False,True,False,Wohnung,Steinburg
205,537.14,42.0,1.0,True,False,False,False,Wohnung,Stormarn
206,800.0,65.0,2.0,True,False,True,False,Wohnung,Lübeck
207,1300.0,83.0,3.0,True,False,False,False,Wohnung,Stormarn
208,400.0,51.0,2.5,True,False,False,False,Etagenwohnung,Kiel
209,490.0,53.0,2.5,False,False,False,False,Etagenwohnung,Herzogtum Lauenburg
210,419.0,66.0,3.0,True,False,True,False,Wohnung,Rendsburg-Eckernförde
211,421.2,69.0,3.0,False,False,False,False,Etagenwohnung,Schleswig-Flensburg
212,975.0,75.0,2.0,True,True,True,False,Apartment,Stormarn
213,510.0,53.0,2.0,True,False,True,False,Wohnung,Pinneberg
214,450.0,38.0,1.0,True,False,True,False,Etagenwohnung,Segeberg
215,645.0,78.0,3.0,True,True,False,False,Erdgeschosswohnung,Plön
216,534.0,75.0,3.0,True,False,True,False,Etagenwohnung,Herzogtum Lauenburg
217,500.0,65.0,2.5,True,False,True,False,Wohnung,Segeberg
218,418.32,75.0,3.0,False,True,False,False,Wohnung,Plön
219,378.0,43.0,2.0,True,False,True,False,Dachgeschosswohnung,Rendsburg-Eckernförde
220,490.0,71.0,2.0,False,False,False,False,Wohnung,Flensburg
221,760.0,85.0,3.5,True,True,True,False,Etagenwohnung,Flensburg
222,620.0,75.0,3.5,True,False,False,False,Etagenwohnung,Pinneberg
223,550.0,61.0,3.0,True,False,True,False,Etagenwohnung,Lübeck
224,895.0,81.0,3.0,True,True,False,False,Erdgeschosswohnung,Lübeck
225,300.0,39.0,1.5,True,False,False,False,Wohnung,Flensburg
226,975.0,72.0,3.0,True,False,True,False,Etagenwohnung,Segeberg
227,665.0,78.0,3.0,True,False,True,False,Etagenwohnung,Segeberg
228,750.0,58.0,2.5,True,False,True,False,Etagenwohnung,Kiel
229,359.0,49.0,2.0,False,False,True,False,Wohnung,Rendsburg-Eckernförde
230,405.29,65.0,2.0,True,False,True,False,Etagenwohnung,Schleswig-Flensburg
231,470.0,84.0,3.0,False,False,True,False,Etagenwohnung,Schleswig-Flensburg
232,330.0,33.0,1.0,True,False,False,False,Etagenwohnung,Lübeck
233,340.0,30.0,1.0,True,False,False,False,Etagenwohnung,Pinneberg
234,510.0,50.0,2.5,False,False,False,False,Wohnung,Flensburg
235,1040.0,80.0,3.0,True,False,True,False,Etagenwohnung,Kiel
236,420.0,25.0,1.0,False,False,False,False,Erdgeschosswohnung,Dithmarschen
237,650.0,45.0,2.0,False,False,False,False,Dachgeschosswohnung,Dithmarschen
238,615.0,62.0,2.0,True,False,True,False,Erdgeschosswohnung,Segeberg
239,406.0,38.0,1.0,True,False,True,False,Wohnung,Pinneberg
240,525.0,71.0,2.5,True,False,False,False,Wohnung,Herzogtum Lauenburg
241,710.0,74.0,2.0,True,False,True,False,Etagenwohnung,Segeberg
242,509.0,56.0,2.0,False,False,True,False,Etagenwohnung,Pinneberg
243,711.0,79.0,2.0,True,False,False,False,Etagenwohnung,Stormarn
244,700.0,76.0,3.0,True,False,True,False,Wohnung,Flensburg
245,380.0,53.0,2.5,True,False,False,False,Wohnung,Nordfriesland
246,790.0,85.0,2.5,True,False,True,False,Wohnung,Plön
247,510.0,60.0,2.0,False,False,False,False,Etagenwohnung,Flensburg
248,650.0,82.0,3.0,True,False,True,False,Etagenwohnung,Plön
249,780.0,65.0,2.0,False,False,True,False,Dachgeschosswohnung,Schleswig-Flensburg
250,630.0,67.0,3.0,False,False,False,False,Wohnung,Flensburg
251,365.0,39.0,1.0,True,False,True,False,Etagenwohnung,Segeberg
252,880.0,93.0,3.0,True,False,True,False,Etagenwohnung,Pinneberg
253,590.0,60.0,2.5,False,False,True,False,Etagenwohnung,Herzogtum Lauenburg
254,475.0,56.0,2.0,False,False,True,False,Etagenwohnung,Herzogtum Lauenburg
255,344.01,64.0,3.0,False,False,True,False,Erdgeschosswohnung,Schleswig-Flensburg
256,600.0,94.0,4.0,True,False,False,False,Wohnung,Flensburg
257,405.0,45.0,2.0,True,False,True,False,Dachgeschosswohnung,Segeberg
258,840.0,64.0,2.0,True,False,True,False,Wohnung,Herzogtum Lauenburg
259,745.0,88.0,2.5,False,False,False,False,Etagenwohnung,Pinneberg
260,850.0,79.0,3.0,True,False,True,False,Etagenwohnung,Stormarn
261,580.0,57.0,2.0,False,False,True,False,Etagenwohnung,Stormarn
262,690.0,66.0,3.0,True,False,False,False,Erdgeschosswohnung,Plön
263,946.0,86.0,3.0,True,False,True,False,Wohnung,Stormarn
264,645.0,81.0,3.0,True,False,False,False,Etagenwohnung,Steinburg
265,545.0,68.0,3.0,True,False,False,False,Etagenwohnung,Steinburg
266,500.0,53.0,2.0,True,False,False,False,Erdgeschosswohnung,Steinburg
267,500.0,59.0,2.5,True,False,True,False,Etagenwohnung,Kiel
268,950.0,74.0,2.0,False,False,False,False,Dachgeschosswohnung,Pinneberg
269,696.96,75.0,3.0,True,False,False,False,Dachgeschosswohnung,Stormarn
270,1320.0,110.0,3.0,True,True,False,False,Wohnung,Segeberg
271,1145.0,83.0,3.0,True,False,False,False,Erdgeschosswohnung,Segeberg
272,750.0,86.0,3.5,True,False,True,False,Etagenwohnung,Segeberg
273,390.0,20.0,1.0,False,False,False,False,Etagenwohnung,Rendsburg-Eckernförde
274,324.0,19.0,1.0,False,False,False,False,Wohnung,Flensburg
275,600.0,86.0,3.0,True,False,True,False,Etagenwohnung,Segeberg
276,1260.0,105.0,4.0,True,False,True,False,Wohnung,Lübeck
277,750.0,81.0,3.0,True,True,False,False,Wohnung,Ostholstein
278,1540.0,128.0,3.0,True,False,True,False,Maisonette,Ostholstein
279,370.0,55.0,2.0,True,False,False,False,Wohnung,Flensburg
280,406.0,48.0,2.0,True,False,False,False,Etagenwohnung,Neumünster
281,640.0,71.0,3.0,False,False,False,False,Wohnung,Flensburg
282,335.0,39.0,2.0,True,False,False,False,Etagenwohnung,Herzogtum Lauenburg
283,899.0,80.0,3.0,True,False,True,False,Etagenwohnung,Stormarn
284,1218.79,94.0,3.0,True,False,True,False,Etagenwohnung,Segeberg
285,675.0,70.0,3.0,True,False,False,False,Dachgeschosswohnung,Pinneberg
286,539.0,65.0,2.0,True,False,False,False,Etagenwohnung,Segeberg
287,955.0,87.0,3.0,True,False,True,False,Etagenwohnung,Segeberg
288,660.0,60.0,2.0,True,True,True,False,Etagenwohnung,Pinneberg
289,490.0,64.0,2.5,False,False,False,False,Wohnung,Flensburg
290,810.0,79.0,3.0,True,False,True,False,Etagenwohnung,Segeberg
291,1025.0,93.0,4.0,True,False,True,False,Etagenwohnung,Segeberg
292,1250.0,105.0,3.0,True,False,True,False,Dachgeschosswohnung,Neumünster
293,750.0,75.0,2.0,True,False,False,False,Etagenwohnung,Stormarn
294,1200.0,100.0,4.0,False,False,True,False,Etagenwohnung,Herzogtum Lauenburg
295,870.0,62.0,2.0,True,False,True,False,Etagenwohnung,Stormarn
296,1060.0,75.0,3.0,True,False,True,False,Etagenwohnung,Stormarn
297,620.0,59.0,2.0,True,True,False,False,Erdgeschosswohnung,Stormarn
298,865.0,84.0,3.0,True,False,True,False,Etagenwohnung,Segeberg
299,470.0,81.0,3.0,True,False,True,False,Etagenwohnung,Schleswig-Flensburg
300,580.0,60.0,2.0,True,True,False,False,Wohnung,Herzogtum Lauenburg
301,475.0,43.0,2.0,True,True,False,False,Wohnung,Pinneberg
302,550.0,76.0,3.0,True,False,False,False,Etagenwohnung,Schleswig-Flensburg
303,695.0,74.0,2.0,True,False,True,False,Etagenwohnung,Segeberg
304,456.0,51.0,2.0,True,False,False,False,Erdgeschosswohnung,Neumünster
305,323.0,38.0,2.0,False,False,False,False,Wohnung,Kiel
306,530.0,71.0,2.5,True,False,True,False,Erdgeschosswohnung,Flensburg
307,730.0,70.0,2.0,True,False,True,False,Wohnung,Herzogtum Lauenburg
308,549.0,69.0,3.0,True,False,True,False,Etagenwohnung,Ostholstein
309,790.0,81.0,3.0,True,False,False,False,Wohnung,Segeberg
310,410.0,38.0,1.0,True,False,False,False,Etagenwohnung,Pinneberg
311,450.0,54.0,2.0,True,False,True,False,Etagenwohnung,Kiel
312,260.0,21.0,1.0,True,False,False,False,Etagenwohnung,Lübeck
313,430.0,58.0,3.0,False,False,True,False,Wohnung,Flensburg
314,680.0,81.0,3.0,False,False,True,False,Wohnung,Flensburg
315,380.0,42.0,2.0,True,False,False,False,Souterrainwohnung,Neumünster
316,465.0,62.0,2.0,True,False,True,False,Etagenwohnung,Neumünster
317,627.0,66.0,4.0,False,False,False,False,Etagenwohnung,Kiel
318,339.0,34.0,1.0,False,False,True,False,Etagenwohnung,Kiel
319,546.0,83.0,3.0,False,False,True,False,Etagenwohnung,Kiel
320,599.0,67.0,2.5,True,False,False,False,Etagenwohnung,Pinneberg
321,536.0,58.0,2.5,True,False,True,False,Wohnung,Nordfriesland
322,371.0,50.0,2.0,True,True,False,False,Wohnung,Pinneberg
323,880.0,93.0,3.5,True,False,True,False,Etagenwohnung,Kiel
324,850.0,81.0,3.0,False,False,True,False,Etagenwohnung,Stormarn
325,767.0,72.0,3.0,False,False,True,False,Erdgeschosswohnung,Stormarn
326,650.0,68.0,3.0,False,False,False,False,Wohnung,Flensburg
327,1000.0,90.0,3.5,True,False,False,False,Wohnung,Stormarn
328,720.0,78.0,3.0,False,False,False,False,Maisonette,Pinneberg
329,410.0,45.0,2.0,False,False,False,False,Etagenwohnung,Flensburg
330,675.0,75.0,3.0,True,False,True,False,Wohnung,Pinneberg
331,319.0,38.0,1.5,False,False,False,False,Wohnung,Rendsburg-Eckernförde
332,399.0,52.0,2.5,False,False,False,False,Wohnung,Rendsburg-Eckernförde
333,359.0,47.0,2.0,False,False,True,False,Wohnung,Rendsburg-Eckernförde
334,287.0,40.0,1.5,False,False,False,False,Erdgeschosswohnung,Kiel
335,490.0,63.0,2.5,False,False,False,False,Erdgeschosswohnung,Kiel
336,399.0,44.0,2.0,False,False,False,False,Etagenwohnung,Herzogtum Lauenburg
337,286.0,32.0,1.0,False,False,True,False,Erdgeschosswohnung,Kiel
338,317.0,34.0,1.5,False,False,False,False,Etagenwohnung,Kiel
339,396.0,53.0,2.0,True,False,False,False,Etagenwohnung,Kiel
340,338.0,41.0,1.5,False,False,False,False,Etagenwohnung,Kiel
341,230.0,35.0,2.0,False,False,False,False,Erdgeschosswohnung,Flensburg
342,999.0,83.0,2.0,False,True,False,False,Erdgeschosswohnung,Pinneberg
343,455.0,65.0,3.0,False,False,False,False,Wohnung,Flensburg
344,1100.0,85.0,3.0,True,True,False,False,Erdgeschosswohnung,Pinneberg
345,465.0,79.0,3.0,False,False,False,False,Etagenwohnung,Schleswig-Flensburg
346,432.48,72.0,2.0,False,False,True,False,Etagenwohnung,Dithmarschen
347,540.0,58.0,2.0,True,False,True,False,Etagenwohnung,Pinneberg
348,687.5,55.0,2.0,True,False,True,False,Etagenwohnung,Pinneberg
349,530.0,52.0,2.0,True,False,False,False,Etagenwohnung,Pinneberg
350,380.0,42.0,2.0,False,False,False,False,Wohnung,Flensburg
351,1420.0,149.0,3.0,True,False,True,False,Dachgeschosswohnung,Pinneberg
352,810.0,90.0,3.0,True,False,False,False,Erdgeschosswohnung,Rendsburg-Eckernförde
353,980.0,150.0,5.0,True,False,False,False,Etagenwohnung,Flensburg
354,445.0,49.0,2.0,False,False,False,False,Erdgeschosswohnung,Kiel
355,493.0,54.0,3.0,False,False,False,False,Etagenwohnung,Kiel
356,330.0,33.0,1.0,False,False,False,False,Etagenwohnung,Kiel
357,320.0,43.0,2.0,True,True,False,False,Wohnung,Lübeck
358,430.0,61.0,3.0,True,True,True,False,Wohnung,Lübeck
359,360.0,24.0,1.0,False,False,True,False,Wohnung,Rendsburg-Eckernförde
360,499.0,28.0,1.0,False,False,False,False,Wohnung,Flensburg
361,610.0,85.0,3.0,True,False,False,False,Wohnung,Neumünster
362,540.0,49.0,2.0,True,False,True,False,Etagenwohnung,Stormarn
363,1200.0,80.0,3.0,True,False,True,False,Etagenwohnung,Segeberg
364,618.0,56.0,2.0,True,False,True,False,Etagenwohnung,Stormarn
365,340.0,35.0,2.0,False,False,False,False,Wohnung,Flensburg
366,830.0,83.0,2.0,True,False,True,False,Etagenwohnung,Pinneberg
367,1250.0,84.0,3.0,True,False,False,False,Penthouse,Kiel
368,600.0,60.0,2.0,True,False,False,False,Wohnung,Stormarn
369,232.17,52.0,2.0,True,False,False,False,Wohnung,Flensburg
370,445.0,54.0,2.0,True,False,False,False,Erdgeschosswohnung,Dithmarschen
371,439.0,49.0,2.0,True,False,False,False,Erdgeschosswohnung,Ostholstein
372,840.0,62.0,2.0,True,False,True,False,Dachgeschosswohnung,Stormarn
373,558.94,74.0,3.0,False,False,False,False,Dachgeschosswohnung,Kiel
374,310.0,38.0,1.5,False,False,False,False,Wohnung,Rendsburg-Eckernförde
375,630.0,90.0,3.0,True,False,False,False,Wohnung,Schleswig-Flensburg
376,519.0,61.0,3.0,False,False,False,False,Etagenwohnung,Neumünster
377,1141.0,109.0,4.0,True,False,True,False,Etagenwohnung,Herzogtum Lauenburg
378,690.0,77.0,3.0,True,False,True,False,Etagenwohnung,Rendsburg-Eckernförde
379,1440.0,144.0,5.0,True,False,True,False,Etagenwohnung,Pinneberg
380,920.0,80.0,2.5,True,True,True,False,Wohnung,Herzogtum Lauenburg
381,317.91,53.0,2.0,True,False,True,False,Erdgeschosswohnung,Herzogtum Lauenburg
382,1200.0,120.0,6.0,True,False,True,False,Etagenwohnung,Pinneberg
383,885.0,68.0,2.0,True,False,True,False,Etagenwohnung,Segeberg
384,454.65,87.0,3.5,True,False,True,False,Wohnung,Rendsburg-Eckernförde
385,590.0,78.0,3.0,False,False,True,False,Etagenwohnung,Kiel
386,475.0,50.0,2.5,False,False,False,False,Erdgeschosswohnung,Herzogtum Lauenburg
387,825.0,70.0,2.5,True,False,False,False,Wohnung,Segeberg
388,583.0,53.0,2.0,True,False,True,False,Wohnung,Pinneberg
389,441.0,42.0,2.0,True,False,False,False,Etagenwohnung,Pinneberg
390,646.0,70.0,2.0,True,True,False,False,Erdgeschosswohnung,Steinburg
391,1400.0,151.0,4.0,True,False,True,False,Dachgeschosswohnung,Neumünster
392,1005.0,106.0,3.0,True,False,False,False,Wohnung,Stormarn
393,371.53,59.0,2.0,True,False,True,False,Erdgeschosswohnung,Steinburg
394,880.0,94.0,2.0,False,True,False,False,Erdgeschosswohnung,Schleswig-Flensburg
395,650.0,84.0,2.5,True,False,True,False,Etagenwohnung,Nordfriesland
396,2000.0,133.0,4.0,True,False,False,False,Etagenwohnung,Rendsburg-Eckernförde
397,549.0,42.0,1.0,False,False,False,False,Etagenwohnung,Pinneberg
398,850.0,48.0,2.0,False,False,False,False,Wohnung,Ostholstein
399,294.0,33.0,1.0,True,False,False,False,Wohnung,Ostholstein
400,780.0,78.0,3.0,True,False,True,False,Etagenwohnung,Pinneberg
401,930.0,100.0,3.0,True,False,True,False,Wohnung,Rendsburg-Eckernförde
402,632.0,76.0,3.5,True,False,True,False,Etagenwohnung,Pinneberg
403,562.0,62.0,2.5,True,False,True,False,Etagenwohnung,Pinneberg
404,1550.0,103.0,3.0,True,True,False,False,Erdgeschosswohnung,Ostholstein
405,405.0,38.0,1.0,True,False,True,False,Etagenwohnung,Pinneberg
406,930.0,116.0,4.0,True,False,True,False,Etagenwohnung,Kiel
407,946.0,86.0,3.5,True,True,True,False,Wohnung,Pinneberg
408,395.0,40.0,2.0,True,False,True,False,Etagenwohnung,Segeberg
409,500.0,67.0,2.0,False,False,False,False,Wohnung,Flensburg
410,545.0,65.0,3.0,True,False,True,False,Etagenwohnung,Steinburg
411,645.0,92.0,4.0,True,False,False,False,Erdgeschosswohnung,Neumünster
412,610.0,64.0,3.0,True,False,False,False,Etagenwohnung,Schleswig-Flensburg
413,780.0,87.0,3.0,True,False,True,False,Etagenwohnung,Schleswig-Flensburg
414,690.0,70.0,2.0,True,True,False,False,Maisonette,Segeberg
415,383.0,40.0,1.0,False,False,True,False,Etagenwohnung,Kiel
416,503.71,70.0,3.0,True,False,True,False,Etagenwohnung,Kiel
417,800.0,88.0,3.0,True,True,False,False,Dachgeschosswohnung,Herzogtum Lauenburg
418,650.0,82.0,3.0,True,False,True,False,Etagenwohnung,Ostholstein
419,390.0,47.0,2.0,False,False,False,False,Wohnung,Flensburg
420,505.0,59.0,2.0,False,False,False,False,Wohnung,Flensburg
421,650.0,65.0,3.0,False,False,False,False,Erdgeschosswohnung,Herzogtum Lauenburg
422,620.0,51.0,2.0,False,False,False,False,Etagenwohnung,Ostholstein
423,890.0,83.0,3.0,False,False,True,False,Etagenwohnung,Ostholstein
424,670.0,74.0,3.0,True,False,True,False,Etagenwohnung,Herzogtum Lauenburg
425,1300.0,93.0,4.0,True,False,True,False,Dachgeschosswohnung,Pinneberg
426,699.0,64.0,2.0,True,False,False,False,Etagenwohnung,Stormarn
427,690.0,69.0,2.0,True,False,True,False,Etagenwohnung,Herzogtum Lauenburg
428,350.0,40.0,2.0,False,False,False,False,Etagenwohnung,Kiel
429,780.0,72.0,3.0,True,False,False,False,Etagenwohnung,Stormarn
430,840.0,122.0,6.0,True,False,False,False,Dachgeschosswohnung,Neumünster
431,800.0,45.0,2.0,False,False,False,True,Erdgeschosswohnung,Ostholstein
432,1000.0,111.0,3.0,True,False,True,False,Wohnung,Kiel
433,660.0,52.0,2.0,True,False,True,False,Wohnung,Segeberg
434,1110.0,90.0,3.0,True,False,False,False,Wohnung,Stormarn
435,930.0,50.0,2.0,True,True,False,True,Erdgeschosswohnung,Plön
436,600.0,105.0,4.0,True,True,True,False,Erdgeschosswohnung,Neumünster
437,400.0,38.0,2.0,True,False,False,False,Apartment,Lübeck
438,605.0,55.0,3.0,True,False,False,False,Apartment,Lübeck
439,1100.0,103.0,3.0,True,False,True,False,Etagenwohnung,Lübeck
440,1350.0,136.0,4.0,True,False,True,False,Etagenwohnung,Segeberg
441,480.0,71.0,2.5,False,False,False,False,Dachgeschosswohnung,Flensburg
442,1074.0,101.0,4.0,True,True,False,False,Erdgeschosswohnung,Stormarn
443,861.0,82.0,2.5,True,False,True,False,Wohnung,Stormarn
444,830.0,58.0,2.0,True,False,True,False,Etagenwohnung,Pinneberg
445,1050.0,76.0,3.0,True,False,True,False,Etagenwohnung,Pinneberg
446,2210.0,260.0,6.0,True,False,False,False,Etagenwohnung,Segeberg
447,1050.0,76.0,3.0,True,False,False,False,Etagenwohnung,Pinneberg
448,350.0,42.0,1.0,False,False,False,False,Wohnung,Flensburg
449,540.0,43.0,2.0,True,False,False,False,Dachgeschosswohnung,Pinneberg
450,788.5,83.0,3.0,True,False,False,False,Erdgeschosswohnung,Neumünster
451,950.0,78.0,2.5,True,False,True,False,Etagenwohnung,Segeberg
452,1842.0,132.0,5.0,True,True,True,False,Wohnung,Stormarn
453,920.0,68.0,2.0,True,False,False,False,Etagenwohnung,Schleswig-Flensburg
454,1045.0,87.0,2.0,True,False,False,False,Etagenwohnung,Schleswig-Flensburg
455,855.0,68.0,2.0,True,False,False,False,Etagenwohnung,Schleswig-Flensburg
456,1055.0,78.0,2.0,True,False,False,False,Etagenwohnung,Schleswig-Flensburg
457,700.0,108.0,3.0,True,False,True,False,Wohnung,Herzogtum Lauenburg
458,1090.0,81.0,2.0,True,False,False,False,Etagenwohnung,Schleswig-Flensburg
459,1060.0,82.0,2.0,True,False,False,False,Etagenwohnung,Schleswig-Flensburg
460,1100.0,83.0,3.0,True,False,True,False,Etagenwohnung,Pinneberg
461,405.0,45.0,2.0,True,False,True,False,Dachgeschosswohnung,Segeberg
462,700.0,91.0,4.0,True,False,False,False,Etagenwohnung,Flensburg
463,400.0,74.0,3.5,False,False,False,False,Apartment,Dithmarschen
464,340.11,60.0,2.0,False,False,True,False,Etagenwohnung,Flensburg
465,440.0,86.0,4.0,False,False,False,False,Apartment,Dithmarschen
466,695.0,56.0,2.0,True,False,True,False,Etagenwohnung,Segeberg
467,340.11,60.0,2.0,False,False,True,False,Etagenwohnung,Flensburg
468,320.0,52.0,3.0,False,False,False,False,Etagenwohnung,Ostholstein
469,780.0,82.0,3.0,True,False,True,False,Wohnung,Segeberg
470,570.0,57.0,2.0,False,False,True,False,Etagenwohnung,Herzogtum Lauenburg
471,580.0,75.0,3.0,False,False,True,False,Etagenwohnung,Kiel
472,303.0,16.0,1.0,False,False,False,False,Wohnung,Flensburg
473,844.0,70.0,3.0,True,False,True,False,Wohnung,Pinneberg
474,475.0,54.0,2.0,False,False,False,False,Dachgeschosswohnung,Segeberg
475,690.0,52.0,1.0,True,False,True,False,Erdgeschosswohnung,Pinneberg
476,1550.0,98.0,4.0,True,False,True,False,Etagenwohnung,Kiel
477,305.0,38.0,2.0,False,False,False,False,Wohnung,Flensburg
478,659.0,91.0,3.5,False,False,False,False,Wohnung,Flensburg
479,1665.0,111.0,3.0,True,False,True,False,Etagenwohnung,Segeberg
480,650.0,60.0,3.0,False,True,False,False,Maisonette,Steinburg
481,600.0,65.0,3.5,False,True,True,False,Etagenwohnung,Herzogtum Lauenburg
482,745.0,116.0,5.0,True,False,True,False,Erdgeschosswohnung,Rendsburg-Eckernförde
483,595.0,65.0,2.0,True,False,False,False,Wohnung,Rendsburg-Eckernförde
484,395.0,41.0,1.0,True,False,True,False,Wohnung,Herzogtum Lauenburg
485,365.0,41.0,2.0,False,False,False,False,Wohnung,Rendsburg-Eckernförde
486,469.0,72.0,3.0,True,False,True,False,Wohnung,Schleswig-Flensburg
487,470.0,50.0,2.0,False,False,True,False,Etagenwohnung,Kiel
488,310.0,44.0,2.0,True,False,False,False,Dachgeschosswohnung,Neumünster
489,225.0,24.0,1.0,False,False,False,False,Apartment,Neumünster
490,885.0,93.0,3.0,True,False,False,False,Etagenwohnung,Pinneberg
491,820.0,83.0,3.0,True,False,True,False,Etagenwohnung,Stormarn
492,468.0,36.0,1.0,False,False,False,False,Erdgeschosswohnung,Neumünster
493,521.0,60.0,3.0,True,False,True,False,Etagenwohnung,Kiel
494,656.0,80.0,3.0,True,False,True,False,Etagenwohnung,Kiel
495,521.0,60.0,2.0,True,False,True,False,Etagenwohnung,Kiel
496,1235.0,97.0,4.0,False,False,True,False,Maisonette,Pinneberg
497,765.82,70.0,2.0,True,False,True,False,Etagenwohnung,Lübeck
498,1575.0,121.0,4.0,True,False,True,False,Etagenwohnung,Herzogtum Lauenburg
499,1100.0,75.0,3.0,True,False,True,False,Etagenwohnung,Herzogtum Lauenburg
500,780.0,60.0,2.0,True,False,True,False,Etagenwohnung,Herzogtum Lauenburg
501,635.0,73.0,3.0,True,False,True,False,Etagenwohnung,Segeberg
502,1150.0,112.0,3.0,True,True,False,False,Wohnung,Neumünster
503,1030.0,78.0,2.0,True,False,True,False,Etagenwohnung,Pinneberg
504,850.0,65.0,2.0,True,False,True,False,Erdgeschosswohnung,Pinneberg
505,540.0,66.0,2.0,False,False,False,False,Etagenwohnung,Pinneberg
506,660.0,66.0,2.5,False,False,False,False,Etagenwohnung,Pinneberg
507,870.0,60.0,2.0,True,False,True,False,Etagenwohnung,Stormarn
508,827.0,75.0,2.0,True,False,True,False,Etagenwohnung,Segeberg
509,570.0,79.0,2.5,False,False,False,False,Dachgeschosswohnung,Flensburg
510,870.0,87.0,3.0,True,False,True,False,Penthouse,Schleswig-Flensburg
511,360.0,29.0,1.0,True,False,False,False,Etagenwohnung,Kiel
512,697.8,58.0,2.0,True,False,False,False,Etagenwohnung,Kiel
513,840.0,91.0,4.0,False,False,False,False,Wohnung,Ostholstein
514,794.0,59.0,2.0,True,False,False,False,Etagenwohnung,Stormarn
515,871.0,67.0,2.5,True,False,True,False,Etagenwohnung,Pinneberg
516,585.0,70.0,3.0,False,False,True,False,Etagenwohnung,Herzogtum Lauenburg
517,470.0,55.0,2.0,False,False,False,False,Erdgeschosswohnung,Herzogtum Lauenburg
518,321.0,19.0,1.0,False,False,False,False,Wohnung,Flensburg
519,604.0,58.0,2.0,True,False,True,False,Wohnung,Pinneberg
520,800.0,95.0,4.0,True,True,True,False,Etagenwohnung,Kiel
521,455.0,55.0,2.0,True,False,False,False,Dachgeschosswohnung,Dithmarschen
522,650.0,84.0,3.0,True,False,False,False,Wohnung,Flensburg
523,1050.0,98.0,3.0,True,False,False,False,Erdgeschosswohnung,Ostholstein
524,1000.0,145.0,6.0,True,True,False,False,Wohnung,Pinneberg
525,1100.0,104.0,2.0,True,False,True,False,Penthouse,Segeberg
526,950.0,79.0,3.0,False,False,True,False,Etagenwohnung,Rendsburg-Eckernförde
527,1278.0,107.0,5.0,True,False,True,False,Etagenwohnung,Herzogtum Lauenburg
528,1050.0,93.0,4.0,True,False,True,False,Etagenwohnung,Segeberg
529,525.0,53.0,1.5,True,False,True,False,Etagenwohnung,Segeberg
530,410.0,49.0,3.0,True,False,False,False,Etagenwohnung,Flensburg
531,560.0,94.0,3.0,False,False,True,False,Wohnung,Flensburg
532,475.0,76.0,2.0,False,False,True,False,Wohnung,Flensburg
533,470.0,74.0,3.0,False,False,False,False,Wohnung,Flensburg
534,455.0,76.0,2.0,False,False,True,False,Wohnung,Flensburg
535,445.0,74.0,3.0,False,False,False,False,Wohnung,Flensburg
536,600.0,52.0,2.0,False,False,False,False,Etagenwohnung,Pinneberg
537,520.0,76.0,2.0,True,False,False,False,Dachgeschosswohnung,Flensburg
538,486.0,66.0,3.0,False,False,False,False,Etagenwohnung,Herzogtum Lauenburg
539,603.5,82.0,4.0,False,False,False,False,Etagenwohnung,Herzogtum Lauenburg
540,630.0,84.0,3.0,True,False,True,False,Etagenwohnung,Kiel
541,434.0,25.0,1.0,False,False,False,False,Wohnung,Flensburg
542,390.0,40.0,1.0,True,True,False,False,Dachgeschosswohnung,Pinneberg
543,1540.0,116.0,4.0,True,False,True,False,Wohnung,Pinneberg
544,785.0,91.0,3.0,True,False,True,False,Etagenwohnung,Segeberg
545,660.0,67.0,3.0,True,False,True,False,Etagenwohnung,Pinneberg
546,449.0,68.0,2.5,False,False,True,False,Wohnung,Rendsburg-Eckernförde
547,309.0,40.0,1.0,False,False,True,False,Wohnung,Rendsburg-Eckernförde
548,250.0,9.0,1.0,True,False,False,False,Etagenwohnung,Kiel
549,375.0,51.0,2.0,True,False,True,False,Wohnung,Kiel
550,640.0,74.0,3.0,True,False,True,False,Etagenwohnung,Segeberg
551,693.0,77.0,3.0,True,False,False,False,Etagenwohnung,Stormarn
552,520.0,61.0,3.0,True,False,False,False,Erdgeschosswohnung,Flensburg
553,630.0,66.0,2.0,False,False,True,False,Etagenwohnung,Pinneberg
554,445.0,56.0,2.0,True,False,False,False,Etagenwohnung,Flensburg
555,462.0,45.0,2.0,False,False,False,False,Dachgeschosswohnung,Stormarn
556,380.0,64.0,3.0,True,False,False,False,Etagenwohnung,Kiel
557,645.0,49.0,2.0,True,False,False,False,Apartment,Segeberg
558,1300.0,120.0,3.5,True,False,True,False,Etagenwohnung,Stormarn
559,545.0,42.0,1.5,True,False,False,False,Etagenwohnung,Segeberg
560,1300.0,74.0,3.0,True,False,True,False,Maisonette,Kiel
561,1230.0,94.0,3.0,True,False,False,False,Wohnung,Kiel
562,480.0,50.0,2.0,True,False,True,False,Etagenwohnung,Schleswig-Flensburg
563,290.0,29.0,1.0,True,False,False,False,Dachgeschosswohnung,Dithmarschen
564,850.0,100.0,4.0,True,False,False,False,Wohnung,Ostholstein
565,1200.0,76.0,2.0,True,False,False,False,Penthouse,Pinneberg
566,725.0,79.0,2.5,True,True,True,False,Dachgeschosswohnung,Stormarn
567,195.0,20.0,1.0,False,False,False,False,Wohnung,Ostholstein
568,888.0,66.0,2.0,True,False,True,False,Wohnung,Stormarn
569,1270.0,96.0,3.0,True,False,True,False,Etagenwohnung,Segeberg
570,1270.0,96.0,3.0,True,False,True,False,Etagenwohnung,Segeberg
571,1190.0,93.0,2.5,True,False,True,False,Wohnung,Ostholstein
572,1165.0,122.0,3.0,True,False,True,False,Wohnung,Lübeck
573,900.0,105.0,4.0,True,False,True,False,Erdgeschosswohnung,Nordfriesland
574,699.0,70.0,2.0,True,False,False,False,Etagenwohnung,Stormarn
575,800.0,91.0,4.0,True,False,False,False,Erdgeschosswohnung,Kiel
576,270.0,29.0,1.0,True,False,False,False,Etagenwohnung,Kiel
577,690.0,92.0,4.0,True,False,False,False,Etagenwohnung,Kiel
578,370.0,30.0,1.0,False,False,True,False,Apartment,Pinneberg
579,458.0,51.0,1.0,True,False,True,False,Dachgeschosswohnung,Segeberg
580,329.0,29.0,1.0,True,False,True,False,Etagenwohnung,Lübeck
581,720.0,59.0,2.0,True,False,False,False,Apartment,Segeberg
582,529.0,64.0,2.0,False,False,False,False,Apartment,Segeberg
583,780.0,104.0,3.0,True,False,False,False,Wohnung,Flensburg
584,798.0,89.0,3.0,True,False,False,False,Erdgeschosswohnung,Neumünster
585,400.0,50.0,2.0,True,False,False,False,Wohnung,Dithmarschen
586,1087.0,129.0,4.0,True,False,False,False,Etagenwohnung,Segeberg
587,637.86,48.0,1.0,False,False,False,False,Erdgeschosswohnung,Segeberg
588,666.0,83.0,3.0,False,False,True,False,Wohnung,Flensburg
589,477.0,53.0,2.5,False,False,True,False,Etagenwohnung,Lübeck
590,431.0,61.0,3.0,True,False,False,False,Etagenwohnung,Kiel
591,499.0,49.0,2.0,False,False,True,False,Etagenwohnung,Lübeck
592,308.0,31.0,1.0,True,False,False,False,Etagenwohnung,Kiel
593,372.0,40.0,2.0,False,False,False,False,Etagenwohnung,Kiel
594,580.0,75.0,3.0,False,False,True,False,Etagenwohnung,Lübeck
595,310.0,28.0,1.0,False,False,False,False,Etagenwohnung,Kiel
596,542.0,64.0,3.5,False,False,True,False,Etagenwohnung,Kiel
597,475.0,55.0,2.0,False,False,False,False,Etagenwohnung,Lübeck
598,570.0,62.0,2.0,False,False,True,False,Etagenwohnung,Kiel
599,760.0,105.0,4.0,False,False,True,False,Etagenwohnung,Kiel
600,417.0,46.0,1.5,False,False,False,False,Etagenwohnung,Kiel
601,500.65,67.0,2.5,False,False,True,False,Etagenwohnung,Kiel
602,375.0,50.0,2.0,False,False,True,False,Erdgeschosswohnung,Herzogtum Lauenburg
603,627.58,53.0,2.0,False,False,True,False,Erdgeschosswohnung,Pinneberg
604,678.27,71.0,2.5,False,False,True,False,Etagenwohnung,Pinneberg
605,572.63,51.0,2.0,True,False,True,False,Erdgeschosswohnung,Pinneberg
606,808.62,105.0,4.0,False,False,True,False,Etagenwohnung,Pinneberg
607,610.0,61.0,2.0,True,False,True,False,Dachgeschosswohnung,Lübeck
608,529.0,47.0,2.0,True,False,True,False,Dachgeschosswohnung,Lübeck
609,389.0,56.0,3.0,False,False,True,False,Wohnung,Rendsburg-Eckernförde
610,474.14,55.0,3.0,True,False,False,False,Dachgeschosswohnung,Schleswig-Flensburg
611,750.0,63.0,3.0,True,False,True,False,Wohnung,Stormarn
612,320.0,28.0,1.0,True,False,False,False,Wohnung,Plön
613,651.0,70.0,2.5,True,False,True,False,Wohnung,Herzogtum Lauenburg
614,600.0,69.0,1.0,True,False,False,False,Erdgeschosswohnung,Ostholstein
615,830.0,83.0,3.0,True,False,True,False,Maisonette,Stormarn
616,580.0,80.0,2.0,True,False,False,False,Wohnung,Dithmarschen
617,950.0,85.0,2.5,True,True,False,False,Etagenwohnung,Flensburg
618,380.0,55.0,1.0,False,False,False,False,Wohnung,Flensburg
619,1036.2,87.0,3.0,True,True,False,False,Erdgeschosswohnung,Segeberg
620,475.0,65.0,3.0,True,True,True,False,Wohnung,Herzogtum Lauenburg
621,420.0,35.0,1.0,False,False,False,True,Wohnung,Pinneberg
622,880.0,100.0,4.0,True,False,False,False,Dachgeschosswohnung,Neumünster
623,750.0,82.0,2.0,True,False,True,False,Etagenwohnung,Pinneberg
624,930.0,86.0,3.0,True,False,True,False,Etagenwohnung,Pinneberg
625,650.0,42.0,1.0,False,False,True,False,Apartment,Lübeck
626,1270.0,103.0,3.0,True,False,True,False,Wohnung,Kiel
627,699.0,75.0,2.0,True,False,True,False,Etagenwohnung,Segeberg
628,531.98,46.0,2.0,True,False,True,False,Wohnung,Stormarn
629,995.0,84.0,3.0,True,False,True,False,Etagenwohnung,Pinneberg
630,395.0,65.0,3.0,True,True,False,False,Erdgeschosswohnung,Flensburg
631,1675.0,112.0,3.0,True,False,True,False,Loft-Studio-Atelier,Kiel
632,650.0,96.0,4.0,False,False,False,False,Wohnung,Flensburg
633,357.0,58.0,2.0,True,False,True,False,Wohnung,Flensburg
634,660.0,88.0,3.0,True,False,False,False,Dachgeschosswohnung,Flensburg
635,290.0,28.0,1.0,False,False,False,False,Etagenwohnung,Herzogtum Lauenburg
636,738.0,68.0,2.0,True,True,False,False,Erdgeschosswohnung,Neumünster
637,805.58,70.0,1.0,True,True,True,False,Apartment,Flensburg
638,430.0,79.0,3.0,True,False,True,False,Etagenwohnung,Segeberg
639,825.0,80.0,3.0,False,False,True,False,Dachgeschosswohnung,Dithmarschen
640,360.0,47.0,1.0,True,False,True,False,Etagenwohnung,Kiel
641,200.0,27.0,1.0,False,False,False,False,Erdgeschosswohnung,Flensburg
642,342.86,57.0,2.0,False,False,True,False,Etagenwohnung,Schleswig-Flensburg
643,542.0,87.0,4.0,True,False,True,False,Wohnung,Schleswig-Flensburg
644,765.0,71.0,2.0,True,False,True,False,Etagenwohnung,Schleswig-Flensburg
645,720.0,72.0,2.0,False,False,False,False,Wohnung,Segeberg
646,490.0,52.0,2.0,True,False,True,False,Erdgeschosswohnung,Rendsburg-Eckernförde
647,592.5,79.0,4.0,True,False,False,False,Wohnung,Schleswig-Flensburg
648,1745.0,349.0,4.0,False,False,False,False,Wohnung,Schleswig-Flensburg
649,247.07,45.0,1.0,False,False,False,False,Wohnung,Schleswig-Flensburg
650,985.0,65.0,2.5,True,False,True,False,Loft-Studio-Atelier,Segeberg
651,566.0,60.0,2.0,True,False,True,False,Etagenwohnung,Pinneberg
652,1020.0,95.0,3.0,True,False,True,False,Etagenwohnung,Kiel
653,765.0,74.0,2.0,True,False,False,False,Erdgeschosswohnung,Segeberg
654,340.0,56.0,3.0,True,True,False,False,Dachgeschosswohnung,Flensburg
655,390.0,56.0,2.0,True,False,True,False,Etagenwohnung,Steinburg
656,499.0,59.0,3.0,True,False,False,False,Etagenwohnung,Segeberg
657,579.47,67.0,2.5,False,False,True,False,Etagenwohnung,Pinneberg
658,450.0,44.0,2.0,True,False,False,False,Dachgeschosswohnung,Segeberg
659,560.0,66.0,2.5,False,False,False,False,Etagenwohnung,Herzogtum Lauenburg
660,605.0,69.0,2.5,True,False,True,False,Wohnung,Pinneberg
661,900.0,93.0,3.0,True,False,True,False,Dachgeschosswohnung,Stormarn
662,490.0,69.0,2.0,True,False,True,False,Erdgeschosswohnung,Flensburg
663,271.57,51.0,2.0,True,False,False,False,Etagenwohnung,Segeberg
664,249.63,47.0,2.0,True,False,False,False,Etagenwohnung,Segeberg
665,929.75,103.0,3.0,True,False,True,False,Wohnung,Segeberg
666,590.0,74.0,2.0,True,False,False,False,Etagenwohnung,Pinneberg
667,1400.0,103.0,3.0,True,False,True,False,Wohnung,Kiel
668,1120.0,83.0,3.0,True,False,True,False,Etagenwohnung,Herzogtum Lauenburg
669,940.0,66.0,2.0,True,False,True,False,Etagenwohnung,Herzogtum Lauenburg
670,1250.0,92.0,4.0,True,False,True,False,Etagenwohnung,Herzogtum Lauenburg
671,1100.0,118.0,4.0,True,False,True,False,Maisonette,Segeberg
672,550.0,55.0,2.0,True,False,True,False,Etagenwohnung,Pinneberg
673,690.0,85.0,4.0,True,True,False,False,Dachgeschosswohnung,Nordfriesland
674,350.0,54.0,3.0,True,False,False,False,Erdgeschosswohnung,Dithmarschen
675,1998.75,125.0,4.0,True,False,True,False,Etagenwohnung,Lübeck
676,2050.0,125.0,4.0,True,False,True,False,Etagenwohnung,Lübeck
677,825.0,85.0,4.0,True,False,True,False,Etagenwohnung,Rendsburg-Eckernförde
678,420.0,59.0,2.0,True,False,False,False,Wohnung,Flensburg
679,460.0,69.0,2.0,True,False,True,False,Wohnung,Flensburg
680,445.0,40.0,2.0,True,False,False,False,Etagenwohnung,Segeberg
681,799.0,85.0,4.0,True,False,True,False,Wohnung,Segeberg
682,870.0,92.0,3.0,False,False,True,False,Maisonette,Pinneberg
683,500.0,55.0,2.0,False,False,True,False,Erdgeschosswohnung,Herzogtum Lauenburg
684,505.7,78.0,3.0,False,False,False,False,Wohnung,Rendsburg-Eckernförde
685,590.0,59.0,2.0,True,False,False,False,Etagenwohnung,Flensburg
686,700.0,70.0,2.0,True,False,False,False,Dachgeschosswohnung,Flensburg
687,590.0,62.0,2.0,True,False,True,False,Etagenwohnung,Pinneberg
688,324.0,20.0,1.0,False,False,False,False,Wohnung,Segeberg
689,594.0,37.0,1.0,False,False,False,False,Wohnung,Segeberg
690,428.0,27.0,1.0,False,False,False,False,Wohnung,Segeberg
691,990.0,76.0,3.0,True,False,True,False,Etagenwohnung,Herzogtum Lauenburg
692,612.65,75.0,2.0,True,False,True,False,Etagenwohnung,Pinneberg
693,600.0,75.0,3.0,True,False,True,False,Etagenwohnung,Flensburg
694,850.0,68.0,2.0,True,False,True,False,Penthouse,Segeberg
695,800.0,57.0,2.0,True,False,True,False,Etagenwohnung,Pinneberg
696,490.0,62.0,3.0,True,False,False,False,Wohnung,Flensburg
697,800.0,58.0,2.0,True,False,True,False,Erdgeschosswohnung,Pinneberg
698,649.0,79.0,3.0,False,False,True,False,Etagenwohnung,Herzogtum Lauenburg
699,1400.0,112.0,4.0,True,False,True,False,Etagenwohnung,Pinneberg
700,855.0,94.0,3.0,True,False,True,False,Etagenwohnung,Flensburg
701,717.0,75.0,3.0,False,False,False,False,Dachgeschosswohnung,Segeberg
702,1180.82,103.0,3.0,True,False,False,False,Dachgeschosswohnung,Stormarn
703,490.0,68.0,2.0,True,False,True,False,Wohnung,Flensburg
704,330.0,48.0,2.0,True,False,True,False,Wohnung,Dithmarschen
705,510.0,48.0,1.5,True,False,True,False,Etagenwohnung,Segeberg
706,450.0,41.0,1.5,True,False,True,False,Wohnung,Segeberg
707,622.0,71.0,3.0,False,False,True,False,Erdgeschosswohnung,Kiel
708,470.0,78.0,3.0,False,False,True,False,Etagenwohnung,Dithmarschen
709,499.0,70.0,3.0,True,False,True,False,Etagenwohnung,Steinburg
710,1086.94,89.0,3.0,True,False,True,False,Wohnung,Pinneberg
711,875.0,85.0,2.0,False,False,True,False,Etagenwohnung,Herzogtum Lauenburg
712,501.0,59.0,3.0,True,False,True,False,Etagenwohnung,Segeberg
713,580.0,68.0,3.0,True,False,True,False,Etagenwohnung,Segeberg
714,569.33,67.0,2.0,True,True,False,False,Etagenwohnung,Stormarn
715,895.0,81.0,3.0,True,False,False,False,Etagenwohnung,Pinneberg
716,420.0,64.0,3.0,True,False,False,False,Wohnung,Dithmarschen
717,385.0,65.0,2.5,True,True,False,False,Wohnung,Dithmarschen
718,650.0,69.0,3.0,True,False,False,False,Etagenwohnung,Segeberg
719,590.0,82.0,3.0,True,False,False,False,Etagenwohnung,Flensburg
720,430.0,78.0,3.5,False,True,False,False,Apartment,Dithmarschen
721,630.0,74.0,3.0,True,False,True,False,Etagenwohnung,Segeberg
722,450.0,67.0,3.0,True,False,True,False,Erdgeschosswohnung,Steinburg
723,1032.0,86.0,3.0,True,False,True,False,Dachgeschosswohnung,Stormarn
724,450.0,60.0,2.0,True,False,False,False,Dachgeschosswohnung,Rendsburg-Eckernförde
725,540.0,62.0,3.0,True,False,False,False,Etagenwohnung,Neumünster
726,365.0,35.0,1.0,True,False,False,False,Apartment,Pinneberg
727,1240.0,104.0,3.0,True,False,False,False,Dachgeschosswohnung,Segeberg
728,298.0,53.0,2.0,False,False,False,False,Wohnung,Flensburg
729,900.0,65.0,2.0,True,False,True,False,Etagenwohnung,Pinneberg
730,700.0,78.0,3.0,True,False,False,False,Erdgeschosswohnung,Schleswig-Flensburg
731,870.0,81.0,2.0,False,False,True,False,Etagenwohnung,Plön
732,670.0,80.0,3.0,True,False,False,False,Etagenwohnung,Herzogtum Lauenburg
733,1065.0,82.0,2.0,False,False,True,False,Etagenwohnung,Plön
734,687.96,88.0,3.0,False,True,False,False,Etagenwohnung,Lübeck
735,585.0,79.0,2.0,True,True,False,False,Dachgeschosswohnung,Nordfriesland
736,490.0,64.0,2.0,True,False,False,False,Etagenwohnung,Flensburg
737,760.0,54.0,2.0,True,False,True,False,Penthouse,Pinneberg
738,1000.0,145.0,5.0,True,False,False,False,Wohnung,Schleswig-Flensburg
739,1200.0,124.0,5.0,True,False,False,False,Wohnung,Schleswig-Flensburg
740,490.0,85.0,3.0,True,False,True,False,Etagenwohnung,Schleswig-Flensburg
741,699.0,82.0,3.0,False,False,True,False,Etagenwohnung,Rendsburg-Eckernförde
742,815.0,81.0,2.0,False,False,True,False,Erdgeschosswohnung,Plön
743,1845.0,123.0,3.0,True,False,True,False,Etagenwohnung,Segeberg
744,870.0,58.0,2.0,True,False,True,False,Etagenwohnung,Segeberg
745,1005.0,67.0,2.0,True,False,True,False,Etagenwohnung,Segeberg
746,1095.0,73.0,2.0,True,False,True,False,Etagenwohnung,Segeberg
747,1065.0,71.0,2.0,True,False,True,False,Etagenwohnung,Segeberg
748,1065.0,71.0,2.0,True,False,True,False,Etagenwohnung,Segeberg
749,695.0,85.0,2.5,True,False,False,False,Maisonette,Pinneberg
750,570.0,58.0,2.0,True,False,False,False,Wohnung,Pinneberg
751,810.0,79.0,3.0,True,False,True,False,Etagenwohnung,Segeberg
752,890.0,96.0,3.0,True,False,False,False,Wohnung,Stormarn
753,520.0,65.0,3.0,False,False,False,False,Etagenwohnung,Rendsburg-Eckernförde
754,825.0,80.0,3.0,True,False,False,False,Etagenwohnung,Herzogtum Lauenburg
755,359.0,21.0,1.0,True,False,False,False,Apartment,Kiel
756,328.0,20.0,1.0,True,False,False,False,Apartment,Kiel
757,770.0,111.0,4.0,True,False,True,False,Wohnung,Kiel
758,690.0,91.0,3.0,True,False,False,False,Wohnung,Flensburg
759,695.0,97.0,3.0,True,False,False,False,Erdgeschosswohnung,Pinneberg
760,720.0,80.0,3.0,True,False,True,False,Etagenwohnung,Segeberg
761,750.0,83.0,3.0,True,False,True,False,Etagenwohnung,Segeberg
762,602.6,52.0,2.0,False,False,True,False,Etagenwohnung,Segeberg
763,389.0,41.0,1.5,False,False,True,False,Etagenwohnung,Neumünster
764,459.0,49.0,2.0,False,False,False,False,Etagenwohnung,Neumünster
765,410.0,42.0,2.0,True,False,True,False,Dachgeschosswohnung,Herzogtum Lauenburg
766,989.0,74.0,2.0,True,False,True,False,Dachgeschosswohnung,Herzogtum Lauenburg
767,900.0,127.0,2.0,True,False,True,False,Dachgeschosswohnung,Pinneberg
768,509.0,53.0,2.0,False,False,True,False,Etagenwohnung,Neumünster
769,300.0,18.0,1.0,True,False,False,False,Apartment,Dithmarschen
770,1250.0,115.0,3.0,True,False,False,False,Dachgeschosswohnung,Rendsburg-Eckernförde
771,895.0,74.0,3.0,False,False,True,False,Etagenwohnung,Nordfriesland
772,610.0,63.0,2.5,False,False,True,False,Wohnung,Flensburg
773,599.0,61.0,2.0,False,False,True,False,Etagenwohnung,Pinneberg
774,2200.0,211.0,12.0,True,False,True,False,Etagenwohnung,Dithmarschen
775,1250.0,92.0,3.0,False,False,False,False,Wohnung,Flensburg
776,885.0,70.0,3.0,False,False,False,False,Wohnung,Flensburg
777,1132.74,105.0,3.0,True,False,True,False,Erdgeschosswohnung,Pinneberg
778,306.0,20.0,1.0,True,False,False,False,Apartment,Kiel
779,453.7,70.0,3.0,False,False,False,False,Dachgeschosswohnung,Schleswig-Flensburg
780,626.0,74.0,3.0,True,False,True,False,Etagenwohnung,Pinneberg
781,619.0,73.0,2.0,True,False,True,False,Erdgeschosswohnung,Pinneberg
782,386.0,34.0,1.5,True,False,False,False,Wohnung,Herzogtum Lauenburg
783,465.0,44.0,1.0,True,False,True,False,Etagenwohnung,Stormarn
784,1672.0,124.0,4.0,True,False,True,False,Dachgeschosswohnung,Stormarn
785,430.0,79.0,3.0,True,False,False,False,Wohnung,Segeberg
786,422.0,69.0,2.0,True,False,True,False,Etagenwohnung,Dithmarschen
787,532.0,40.0,2.0,False,False,False,False,Erdgeschosswohnung,Stormarn
788,639.0,64.0,2.5,False,False,False,False,Etagenwohnung,Segeberg
789,384.0,48.0,2.0,True,False,False,False,Wohnung,Neumünster
790,750.0,90.0,2.0,True,False,False,False,Etagenwohnung,Steinburg
791,720.0,75.0,2.0,True,False,True,False,Maisonette,Pinneberg
792,600.0,42.0,2.0,False,False,False,False,Wohnung,Segeberg
793,435.0,64.0,3.0,False,False,False,False,Etagenwohnung,Steinburg
794,380.0,56.0,2.5,True,False,True,False,Wohnung,Dithmarschen
795,407.0,54.0,3.0,False,False,False,False,Etagenwohnung,Neumünster
796,600.0,50.0,1.0,False,True,False,False,Wohnung,Flensburg
797,1050.0,82.0,3.0,True,False,True,False,Etagenwohnung,Segeberg
798,520.0,75.0,4.0,True,False,True,False,Etagenwohnung,Steinburg
799,475.0,67.0,3.0,True,False,True,False,Erdgeschosswohnung,Steinburg
800,710.0,76.0,3.0,True,False,False,False,Dachgeschosswohnung,Segeberg
801,420.0,70.0,3.0,True,False,False,False,Wohnung,Flensburg
802,582.66,45.0,2.0,True,False,True,False,Dachgeschosswohnung,Stormarn
803,550.0,150.0,1.5,True,True,True,False,Apartment,Ostholstein
804,730.0,98.0,4.0,True,False,False,False,Wohnung,Ostholstein
805,645.0,112.0,3.0,True,True,False,False,Erdgeschosswohnung,Dithmarschen
806,970.0,76.0,3.0,True,False,True,False,Etagenwohnung,Stormarn
807,600.0,60.0,2.5,True,True,False,False,Etagenwohnung,Kiel
808,1491.0,115.0,5.0,True,False,True,False,Maisonette,Stormarn
809,489.0,81.0,2.0,False,False,False,False,Erdgeschosswohnung,Steinburg
810,530.0,70.0,2.0,True,False,False,False,Dachgeschosswohnung,Nordfriesland
811,680.0,97.0,3.0,True,False,False,False,Dachgeschosswohnung,Flensburg
812,610.0,72.0,3.0,True,False,False,False,Erdgeschosswohnung,Neumünster
813,518.0,70.0,3.0,True,False,False,False,Etagenwohnung,Flensburg
814,380.0,61.0,2.5,False,False,False,False,Etagenwohnung,Kiel
815,710.0,115.0,4.0,True,False,False,False,Dachgeschosswohnung,Segeberg
816,715.0,106.0,3.0,False,False,False,False,Wohnung,Flensburg
817,1479.0,84.0,3.0,True,True,True,False,Etagenwohnung,Lübeck
818,795.0,62.0,2.0,True,False,True,False,Erdgeschosswohnung,Pinneberg
819,410.0,60.0,2.0,True,False,False,False,Etagenwohnung,Flensburg
820,1120.0,96.0,3.0,True,True,True,False,Erdgeschosswohnung,Segeberg
821,1500.0,150.0,2.0,False,False,False,False,Etagenwohnung,Lübeck
822,922.85,56.0,2.0,True,False,True,False,Etagenwohnung,Rendsburg-Eckernförde
823,988.55,58.0,2.0,True,False,True,False,Etagenwohnung,Rendsburg-Eckernförde
824,814.11,49.0,2.0,True,False,True,False,Etagenwohnung,Rendsburg-Eckernförde
825,1235.0,108.0,3.0,True,False,True,False,Wohnung,Pinneberg
826,365.0,41.0,2.0,False,False,False,False,Wohnung,Rendsburg-Eckernförde
827,705.0,104.0,4.0,True,False,True,False,Etagenwohnung,Flensburg
828,850.0,90.0,2.5,True,False,False,False,Wohnung,Segeberg
829,825.0,84.0,3.0,True,False,False,False,Erdgeschosswohnung,Herzogtum Lauenburg
830,600.0,94.0,3.5,False,False,False,False,Wohnung,Flensburg
831,946.0,101.0,2.0,True,False,False,False,Wohnung,Nordfriesland
832,875.0,70.0,3.0,False,False,False,False,Wohnung,Flensburg
833,960.0,100.0,3.0,True,True,True,False,Etagenwohnung,Segeberg
834,525.0,84.0,3.0,False,False,False,False,Wohnung,Flensburg
835,570.0,85.0,4.0,True,False,True,False,Etagenwohnung,Steinburg
836,946.0,69.0,2.0,True,False,True,False,Etagenwohnung,Pinneberg
837,590.0,40.0,1.0,False,False,False,False,Wohnung,Herzogtum Lauenburg
838,1273.0,116.0,3.0,True,False,False,False,Etagenwohnung,Stormarn
839,925.0,70.0,3.0,False,False,False,False,Wohnung,Flensburg
840,880.0,64.0,2.0,True,False,True,False,Etagenwohnung,Pinneberg
841,1195.0,113.0,3.0,True,False,False,False,Etagenwohnung,Stormarn
842,795.0,81.0,2.0,True,False,False,False,Wohnung,Herzogtum Lauenburg
843,733.8,73.0,3.0,False,False,False,False,Wohnung,Pinneberg
844,1225.0,75.0,2.0,True,False,False,False,Wohnung,Lübeck
845,975.0,50.0,2.0,True,False,False,False,Etagenwohnung,Lübeck
846,280.0,18.0,1.0,False,False,False,False,Wohnung,Kiel
847,810.0,52.0,2.0,True,False,True,False,Dachgeschosswohnung,Herzogtum Lauenburg
848,487.0,57.0,2.0,True,False,True,False,Etagenwohnung,Herzogtum Lauenburg
849,590.0,92.0,3.0,True,False,False,False,Wohnung,Plön
850,1650.0,165.0,5.0,True,False,False,False,Wohnung,Lübeck
851,495.0,65.0,2.5,True,False,True,False,Etagenwohnung,Neumünster
852,428.0,45.0,2.0,False,False,False,False,Etagenwohnung,Kiel
853,526.6,67.0,3.0,True,False,True,False,Etagenwohnung,Schleswig-Flensburg
854,529.0,58.0,3.0,False,False,False,False,Erdgeschosswohnung,Kiel
855,630.0,74.0,4.0,True,False,True,False,Etagenwohnung,Pinneberg
856,825.0,70.0,2.0,True,False,True,False,Wohnung,Segeberg
857,1100.0,135.0,4.0,False,False,False,False,Wohnung,Segeberg
858,496.0,42.0,1.0,True,False,True,False,Etagenwohnung,Segeberg
859,715.0,78.0,2.0,True,False,False,False,Etagenwohnung,Pinneberg
860,629.0,58.0,2.0,True,False,True,False,Etagenwohnung,Segeberg
861,450.0,57.0,2.0,True,False,True,False,Wohnung,Flensburg
862,1672.3,119.0,4.0,True,False,True,False,Etagenwohnung,Segeberg
863,535.0,67.0,2.5,True,False,True,False,Etagenwohnung,Pinneberg
864,1853.0,195.0,4.0,True,False,False,False,Etagenwohnung,Pinneberg
865,1115.0,121.0,4.0,True,False,False,False,Dachgeschosswohnung,Rendsburg-Eckernförde
866,564.0,67.0,2.5,True,False,True,False,Etagenwohnung,Pinneberg
867,595.0,74.0,3.0,True,False,True,False,Etagenwohnung,Pinneberg
868,656.0,78.0,2.5,True,False,True,False,Etagenwohnung,Stormarn
869,567.0,63.0,2.0,True,False,True,False,Etagenwohnung,Pinneberg
870,825.0,70.0,3.0,True,False,True,False,Etagenwohnung,Stormarn
871,620.0,70.0,2.0,True,False,True,False,Etagenwohnung,Lübeck
872,500.0,51.0,2.0,True,False,False,False,Etagenwohnung,Steinburg
873,560.0,65.0,3.0,False,False,True,False,Etagenwohnung,Pinneberg
874,405.0,37.0,1.5,False,False,False,False,Etagenwohnung,Pinneberg
875,470.0,53.0,2.5,True,True,True,False,Wohnung,Plön
876,415.0,46.0,2.0,True,True,True,False,Wohnung,Herzogtum Lauenburg
877,565.65,66.0,2.0,True,False,False,False,Souterrainwohnung,Lübeck
878,684.0,76.0,3.0,True,False,True,False,Wohnung,Nordfriesland
879,650.0,62.0,2.0,False,False,True,False,Wohnung,Stormarn
880,353.13,18.0,1.0,False,False,True,False,Apartment,Stormarn
881,1053.0,88.0,3.5,True,False,True,False,Wohnung,Segeberg
882,580.0,105.0,3.0,True,False,True,False,Dachgeschosswohnung,Flensburg
883,800.0,70.0,3.0,False,False,False,False,Etagenwohnung,Stormarn
884,899.6,90.0,3.0,True,False,False,False,Wohnung,Segeberg
885,720.0,81.0,3.0,True,False,True,False,Etagenwohnung,Stormarn
886,1070.0,82.0,3.0,True,False,True,False,Etagenwohnung,Pinneberg
887,265.0,18.0,1.0,False,False,False,False,Apartment,Lübeck
888,1039.0,100.0,4.0,True,False,True,False,Etagenwohnung,Herzogtum Lauenburg
889,740.0,88.0,2.0,True,False,False,False,Wohnung,Plön
890,995.0,97.0,3.0,True,False,True,False,Wohnung,Schleswig-Flensburg
891,690.0,60.0,2.5,True,False,False,False,Wohnung,Stormarn
892,474.0,69.0,3.0,False,False,True,False,Etagenwohnung,Kiel
893,330.0,54.0,2.0,False,False,False,False,Wohnung,Schleswig-Flensburg
894,582.39,68.0,2.5,False,False,True,False,Etagenwohnung,Pinneberg
895,550.0,64.0,2.5,False,False,True,False,Etagenwohnung,Lübeck
896,355.0,45.0,2.0,False,False,False,False,Etagenwohnung,Lübeck
897,705.0,57.0,2.0,False,False,False,False,Dachgeschosswohnung,Kiel
898,510.61,49.0,1.5,False,False,False,False,Erdgeschosswohnung,Pinneberg
899,319.0,39.0,2.0,False,False,True,False,Wohnung,Rendsburg-Eckernförde
900,341.85,46.0,1.5,False,False,False,False,Wohnung,Steinburg
901,456.0,61.0,3.0,True,False,True,False,Wohnung,Flensburg
902,488.0,81.0,3.0,True,False,True,False,Wohnung,Flensburg
903,416.0,67.0,3.0,False,False,True,False,Wohnung,Flensburg
904,473.0,63.0,2.0,True,False,False,False,Wohnung,Flensburg
905,1460.0,119.0,4.0,True,False,False,False,Maisonette,Herzogtum Lauenburg
906,1000.0,91.0,4.0,True,False,True,False,Wohnung,Plön
907,649.0,72.0,2.0,True,False,True,False,Dachgeschosswohnung,Segeberg
908,790.0,120.0,4.0,True,False,False,False,Etagenwohnung,Flensburg
909,740.0,120.0,4.0,True,False,False,False,Dachgeschosswohnung,Flensburg
910,1131.0,94.0,3.0,True,True,False,False,Erdgeschosswohnung,Herzogtum Lauenburg
911,1300.0,108.0,3.0,True,False,True,False,Wohnung,Stormarn
912,486.0,54.0,2.0,True,False,False,False,Etagenwohnung,Rendsburg-Eckernförde
913,375.0,67.0,3.0,True,False,True,False,Erdgeschosswohnung,Schleswig-Flensburg
914,320.0,45.0,2.0,False,False,False,False,Dachgeschosswohnung,Flensburg
915,490.0,66.0,3.0,True,False,True,False,Etagenwohnung,Flensburg
916,385.0,69.0,3.0,True,False,False,False,Wohnung,Flensburg
917,365.15,65.0,3.0,True,False,False,False,Dachgeschosswohnung,Schleswig-Flensburg
918,970.0,88.0,3.0,True,False,True,False,Etagenwohnung,Segeberg
919,800.0,88.0,4.0,True,False,True,False,Wohnung,Lübeck
920,467.23,40.0,2.0,False,False,True,False,Etagenwohnung,Segeberg
921,620.0,75.0,2.0,True,False,True,False,Etagenwohnung,Pinneberg
922,320.0,50.0,2.0,True,False,False,False,Wohnung,Herzogtum Lauenburg
923,825.0,90.0,3.0,False,False,False,False,Erdgeschosswohnung,Pinneberg
924,800.0,92.0,3.0,True,False,True,False,Dachgeschosswohnung,Stormarn
925,690.0,52.0,1.0,True,False,True,False,Erdgeschosswohnung,Pinneberg
926,680.0,68.0,2.5,True,False,True,False,Etagenwohnung,Pinneberg
927,480.0,51.0,2.0,False,False,False,False,Wohnung,Kiel
928,550.0,62.0,2.0,True,False,True,False,Dachgeschosswohnung,Pinneberg
929,540.0,60.0,2.0,False,False,True,False,Etagenwohnung,Pinneberg
930,480.0,60.0,2.0,False,False,True,False,Etagenwohnung,Pinneberg
931,385.0,49.0,2.0,True,False,True,False,Erdgeschosswohnung,Herzogtum Lauenburg
932,590.0,62.0,3.0,True,False,True,False,Etagenwohnung,Lübeck
933,850.0,74.0,2.0,True,False,True,False,Etagenwohnung,Segeberg
934,650.0,71.0,3.0,True,False,True,False,Apartment,Kiel
935,110.0,8.0,1.0,False,False,False,False,Etagenwohnung,Kiel
936,505.0,61.0,2.5,True,False,True,False,Etagenwohnung,Neumünster
937,400.0,71.0,3.0,True,False,True,False,Etagenwohnung,Ostholstein
938,548.69,69.0,2.5,False,False,False,False,Etagenwohnung,Kiel
939,517.7,59.0,2.0,False,False,True,False,Etagenwohnung,Pinneberg
940,639.54,75.0,3.0,False,False,True,False,Etagenwohnung,Pinneberg
941,545.0,64.0,3.0,False,False,True,False,Etagenwohnung,Herzogtum Lauenburg
942,596.55,68.0,3.0,False,False,True,False,Etagenwohnung,Pinneberg
943,705.6,66.0,2.0,False,False,True,False,Etagenwohnung,Segeberg
944,600.0,63.0,3.0,False,False,False,False,Dachgeschosswohnung,Rendsburg-Eckernförde
945,650.0,77.0,3.0,False,False,False,False,Dachgeschosswohnung,Segeberg
946,950.0,90.0,4.5,True,False,True,False,Wohnung,Stormarn
947,1000.0,160.0,2.0,False,False,False,False,Wohnung,Flensburg
948,1200.0,102.0,3.0,True,False,False,False,Wohnung,Herzogtum Lauenburg
949,1195.0,113.0,3.0,True,False,False,False,Wohnung,Lübeck
950,880.0,58.0,2.0,True,False,True,False,Wohnung,Stormarn
951,355.0,48.0,2.0,False,False,True,False,Etagenwohnung,Segeberg
952,920.0,105.0,3.5,True,False,True,False,Maisonette,Pinneberg
953,590.0,63.0,2.0,True,False,True,False,Erdgeschosswohnung,Segeberg
954,600.0,56.0,3.0,True,True,False,False,Wohnung,Pinneberg
955,450.0,50.0,2.0,True,False,True,False,Apartment,Pinneberg
956,660.0,67.0,3.0,True,True,True,False,Wohnung,Dithmarschen
957,696.0,60.0,2.0,True,True,False,False,Wohnung,Lübeck
958,650.0,76.0,3.0,False,False,False,False,Etagenwohnung,Plön
959,390.0,36.0,1.0,True,False,False,False,Wohnung,Pinneberg
960,340.0,60.0,2.5,True,True,False,False,Wohnung,Dithmarschen
961,500.0,74.0,2.5,True,False,True,False,Etagenwohnung,Neumünster
962,550.0,65.0,3.0,True,False,True,False,Etagenwohnung,Neumünster
963,405.0,45.0,2.0,True,False,False,False,Etagenwohnung,Neumünster
964,699.0,61.0,2.0,True,False,False,False,Etagenwohnung,Stormarn
965,500.0,64.0,2.0,True,True,False,False,Wohnung,Flensburg
966,470.0,79.0,3.0,False,False,True,False,Etagenwohnung,Schleswig-Flensburg
967,1188.0,99.0,3.0,True,False,False,False,Penthouse,Segeberg
968,675.0,75.0,3.0,True,False,False,False,Etagenwohnung,Pinneberg
969,620.0,51.0,1.0,True,True,False,False,Erdgeschosswohnung,Lübeck
970,1018.0,73.0,3.0,True,False,True,False,Etagenwohnung,Pinneberg
971,1050.0,132.0,5.0,True,True,False,False,Wohnung,Herzogtum Lauenburg
972,650.0,72.0,2.0,True,False,False,False,Etagenwohnung,Dithmarschen
973,660.0,77.0,3.0,True,False,True,False,Etagenwohnung,Kiel
974,300.0,24.0,1.0,True,False,False,False,Wohnung,Kiel
975,550.0,59.0,3.0,True,False,True,False,Wohnung,Lübeck
976,560.0,74.0,2.0,True,False,False,False,Wohnung,Segeberg
977,795.0,89.0,3.0,True,False,True,False,Wohnung,Segeberg
978,480.0,52.0,2.0,False,False,False,False,Etagenwohnung,Neumünster
979,650.0,67.0,2.0,True,False,True,False,Wohnung,Stormarn
980,354.9,60.0,3.0,False,False,False,False,Dachgeschosswohnung,Steinburg
981,1115.0,86.0,3.0,False,False,True,False,Etagenwohnung,Plön
982,495.0,55.0,2.0,True,False,False,False,Dachgeschosswohnung,Pinneberg
983,490.0,52.0,2.0,True,False,True,False,Etagenwohnung,Pinneberg
984,620.0,68.0,2.0,False,False,True,False,Wohnung,Flensburg
985,520.0,69.0,3.0,True,False,True,False,Wohnung,Herzogtum Lauenburg
986,275.0,40.0,2.0,True,True,False,False,Apartment,Flensburg
987,1200.0,115.0,4.0,True,False,True,False,Dachgeschosswohnung,Pinneberg
988,735.0,100.0,3.5,True,True,False,False,Etagenwohnung,Schleswig-Flensburg
989,442.0,65.0,3.0,False,False,True,False,Etagenwohnung,Pinneberg
990,980.0,85.0,2.0,False,False,True,False,Dachgeschosswohnung,Stormarn
991,1350.0,110.0,2.0,False,False,False,False,Erdgeschosswohnung,Stormarn
992,750.0,87.0,3.5,True,False,True,False,Etagenwohnung,Ostholstein
993,537.0,67.0,3.0,True,True,False,False,Erdgeschosswohnung,Schleswig-Flensburg
994,800.0,76.0,2.0,True,False,True,False,Wohnung,Segeberg
995,915.0,87.0,3.0,True,False,True,False,Etagenwohnung,Pinneberg
996,490.0,74.0,2.0,True,False,True,False,Etagenwohnung,Segeberg
997,1175.0,99.0,4.0,True,False,True,False,Wohnung,Stormarn
998,265.0,27.0,1.0,True,True,False,False,Wohnung,Kiel
999,680.0,70.0,3.0,True,False,False,False,Erdgeschosswohnung,Schleswig-Flensburg
